{
  "Retail Collective Pod (RCP)": "#2EC5C2",
  "Social & Influence CoE (SICoE)": "#6F5AE8",
  "Creative Pod": "#C95CAF",
  "Product & Platform Pod": "#0FA3B1",
  "IP/Patent Program Pod": "#FF7A1A",
  "Security & Compliance Pod": "#E4572E",
  "Marketing & PR Pod": "#FFD449",
  "Ops & Finance Pod": "#1A1A1A",
  "Cultural Pod": "#34AABB",
  "Impact Programs Office (IPO)": "#E24F8A",
  "Education & Cohorts Pod": "#5CB85C",
  "Accessibility & Captioning Pod": "#007ACC",
  "Packaging & Pre-Press Pod": "#D4AF37",
  "WMS / 3PL Ops Pod": "#7A6FF0",
  "Channel Integrations Pod": "#50C3B8",
  "Author Platform Studio": "#8C2E3F",
  "Music Rights & Distribution Pod": "#6B1E9C",
  "Agent Governance Pod": "#FF9B28",
  "Tenant & Billing Pod": "#2E86DE",
  "GlobalCollabs Partnerships Pod": "#F45B69",
  "Data Stewardship & Metrics Pod": "#2F9E44"
}