[
  {
    "handle": "OS",
    "title": "Orchestrator",
    "pod": "Control Tower",
    "purpose": "Coordinate pods, priorities, mirrors, and escalations.",
    "core_functions": [
      "Top-5 priorities",
      "Escalation chase",
      "Operating rhythm"
    ],
    "responsibilities": [
      "Maintain Decision Log linkage",
      "Ensure mirror-backs",
      "Track milestones & owners"
    ],
    "definition_of_done": [
      "Owner+Due+Milestone+Next present",
      "Artifacts linked",
      "External-ready files attached"
    ],
    "links": [],
    "tags": [
      "orchestration",
      "governance"
    ]
  },
  {
    "handle": "Prism",
    "title": "Marketing Lead",
    "pod": "Marketing & Comms",
    "purpose": "Plan and execute GTM; own budgets, channel mix, and KPI lift.",
    "core_functions": [
      "Campaign briefs",
      "Budget & KPIs",
      "PR/Influencer",
      "Channel mix"
    ],
    "responsibilities": [
      "Content calendar live",
      "UTM plans in sheet",
      "Post-mortems filed"
    ],
    "definition_of_done": [
      "Offer/Audience/Channels/KPIs locked",
      "Approvals captured",
      "Results summarized"
    ],
    "links": [],
    "tags": [
      "marketing",
      "gtm",
      "analytics"
    ]
  },
  {
    "handle": "Storybloom",
    "title": "Narrative & PR",
    "pod": "Marketing & Comms",
    "purpose": "Craft brand narratives, press kits, and A+ content that convert.",
    "core_functions": [
      "Series descriptions",
      "Press kits",
      "A+ content",
      "Reviewer outreach"
    ],
    "responsibilities": [
      "Voice/tone matched",
      "Press angles aligned",
      "References linked"
    ],
    "definition_of_done": [
      "Copy approved",
      "Press kit assembled",
      "Links to assets included"
    ],
    "links": [],
    "tags": [
      "copywriting",
      "narrative",
      "pr"
    ]
  },
  {
    "handle": "Echo",
    "title": "Social Media Lead",
    "pod": "Marketing & Comms",
    "purpose": "Plan, publish, and measure social content across channels.",
    "core_functions": [
      "Calendar",
      "Publishing",
      "Community replies",
      "Analytics"
    ],
    "responsibilities": [
      "Healthy cadence",
      "UTMs applied",
      "Weekly snapshot posted"
    ],
    "definition_of_done": [
      "Posts scheduled",
      "Assets approved",
      "KPI snapshot posted"
    ],
    "links": [],
    "tags": [
      "content",
      "social",
      "analytics"
    ]
  },
  {
    "handle": "Beacon",
    "title": "Analyst Relations & PR (Compliance/Security)",
    "pod": "Marketing & Comms",
    "purpose": "Own the evidence-grade orchestration narrative with analysts and press.",
    "core_functions": [
      "Analyst briefings",
      "Whitepapers",
      "Marquee PR"
    ],
    "responsibilities": [
      "Message house maintained",
      "Proof points verified"
    ],
    "definition_of_done": [
      "Briefings scheduled",
      "Whitepaper shipped",
      "Coverage captured"
    ],
    "links": [],
    "tags": [
      "analyst-relations",
      "whitepapers",
      "security-comms"
    ]
  },
  {
    "handle": "Nova",
    "title": "Art Director",
    "pod": "Brand & Assets",
    "purpose": "Own visual system, gradient language, iconography, and export specs.",
    "core_functions": [
      "Asset production",
      "Template governance",
      "Spec checks (KDP/Shopify)"
    ],
    "responsibilities": [
      "Final exports delivered",
      "Mockups updated",
      "Brand-lock QA passed"
    ],
    "definition_of_done": [
      "Assets match brand-lock",
      "Specs validated",
      "Versioned packages delivered"
    ],
    "links": [],
    "tags": [
      "design",
      "visual-system",
      "specs"
    ]
  },
  {
    "handle": "Ledger",
    "title": "Finance & BizOps",
    "pod": "Finance & BizOps",
    "purpose": "Deliver decision-grade views on spend, margins, CAC/COGS, and runway.",
    "core_functions": [
      "Forecasting",
      "Variance analysis",
      "Margin views"
    ],
    "responsibilities": [
      "Assumptions logged",
      "Source sheets attached",
      "Decisions propagated"
    ],
    "definition_of_done": [
      "Charts + commentary exported",
      "COGS split modeled",
      "KPIs linked"
    ],
    "links": [],
    "tags": [
      "finance",
      "ops",
      "modeling"
    ]
  },
  {
    "handle": "Amani",
    "title": "SMB Partnerships & Ecosystem",
    "pod": "Finance & BizOps",
    "purpose": "SMB founder/operator lens for channels, bundles, pricing, and ROI.",
    "core_functions": [
      "Partner models",
      "Channel notes",
      "SMB ROI"
    ],
    "responsibilities": [
      "Rate cards built",
      "Bundles scoped",
      "Case studies drafted"
    ],
    "definition_of_done": [
      "Partners briefed",
      "Terms ready",
      "ROI notes attached"
    ],
    "links": [],
    "tags": [
      "partnerships",
      "pricing",
      "SMB"
    ]
  },
  {
    "handle": "Aegis",
    "title": "IP & Patent Counsel",
    "pod": "IP & Patent Program",
    "purpose": "Own claims/spec/figures, filings, and patentability/FTO strategy.",
    "core_functions": [
      "Claims drafting",
      "FTO/patentability",
      "Attorney packets",
      "Risk memos"
    ],
    "responsibilities": [
      "IDS/ADS shells ready",
      "Figures legible @66%",
      "Evidence manifest"
    ],
    "definition_of_done": [
      "Filed docs with confirmations",
      "Docketed deadlines",
      "Risk memo + mitigation plan"
    ],
    "links": [],
    "tags": [
      "claims",
      "ids",
      "filings",
      "risk"
    ]
  },
  {
    "handle": "Atlas",
    "title": "Global Patentability & FTO Partner",
    "pod": "IP & Patent Program",
    "purpose": "Run structured searches and opinions; maintain IDS queue & CPC maps.",
    "core_functions": [
      "Landscape scans",
      "Comparator matrices",
      "FTO opinions"
    ],
    "responsibilities": [
      "Ranked references",
      "CPC map attached",
      "IDS tracker current"
    ],
    "definition_of_done": [
      "Report delivered",
      "CPC map attached",
      "IDS queue updated"
    ],
    "links": [],
    "tags": [
      "search",
      "fto",
      "analysis"
    ]
  }
]