System/Tool,Role Needed,Persona(s),Notes
Staging site,Viewer/Editor (no publish),"Lume, Stratēga, Pulse, Sentinel",App-level guard; MFA for CMS
GA4,Read-only,"Stratēga, Pulse",Separate staging stream if possible
Search Console,Delegated access,"Stratēga, Beacon",Staging property if public
Sentry / LogRocket,Read-only,"Pulse, Uptime, Sentinel",Mask PII; staging DSNs only
GitHub,Read/Triage,"Forge, LexiCode, Bridge",Fork PRs; protected branches
CDN/Host (Replit/Netlify/Vercel),Viewer,"Pulse, Uptime",Preview links only; no prod env vars
